old_path	new_path	old_status_head	new_status_head
context/handoff/2026-08-22_PM-mission-control_v56_orchestrator_session_prompt.md	context/handoff/archive/prompts/2026-08-22_PM-mission-control_v56_orchestrator_session_prompt.md	status: BANKED - dispatch line: "Read nexsys-hivemind/context/handoff/2026-08-22_PM-missio	status: SUPERSEDED 2026-09-07 — by: context/handoff/archive/prompts/2026-08-23_PM-mission-
context/handoff/2026-08-23_PM-mission-control_v57_orchestrator_session_prompt.md	context/handoff/archive/prompts/2026-08-23_PM-mission-control_v57_orchestrator_session_prompt.md	status: BANKED (v56 beat 6). The spine outranks this file the moment any beat moves someth	status: SUPERSEDED 2026-09-07 — by: context/handoff/archive/prompts/2026-08-28_PM-mission-
context/handoff/2026-08-28_PM-mission-control_v58_orchestrator_session_prompt.md	context/handoff/archive/prompts/2026-08-28_PM-mission-control_v58_orchestrator_session_prompt.md	status: BANKED 2026-08-28. Supersedes the v57 prompt (2026-08-23_) as the live boot docume	status: SUPERSEDED 2026-09-07 — by: context/handoff/archive/prompts/2026-08-30_PM-mission-
context/handoff/2026-08-30_PM-mission-control_v59_orchestrator_session_prompt.md	context/handoff/archive/prompts/2026-08-30_PM-mission-control_v59_orchestrator_session_prompt.md	status: BANKED-PENDING-SLOTS (v58, Sun eve). Supersedes the v58 prompt (2026-08-28_) as th	status: SUPERSEDED 2026-09-07 — by: context/handoff/archive/prompts/2026-08-31_PM-mission-
context/handoff/2026-08-31_PM-mission-control_v60_orchestrator_session_prompt.md	context/handoff/archive/prompts/2026-08-31_PM-mission-control_v60_orchestrator_session_prompt.md	status: LIVE at the v59 close. Supersedes the v59 prompt as the boot document.	status: SUPERSEDED 2026-09-07 — by: context/handoff/archive/prompts/2026-09-02_PM-mission-
context/handoff/2026-09-02_PM-mission-control_v61_orchestrator_session_prompt.md	context/handoff/archive/prompts/2026-09-02_PM-mission-control_v61_orchestrator_session_prompt.md	status: LIVE at the v60 close. Supersedes the v60 prompt as the boot document.	status: SUPERSEDED 2026-09-07 — by: context/handoff/archive/prompts/2026-09-02_PM-mission-
context/handoff/2026-09-02_PM-mission-control_v62_orchestrator_session_prompt.md	context/handoff/archive/prompts/2026-09-02_PM-mission-control_v62_orchestrator_session_prompt.md	status: LIVE — FINAL from the v61 close; §2 refreshed at beats 8–12 (the last at beat 12, 	status: SUPERSEDED 2026-09-07 — by: context/handoff/archive/prompts/2026-09-04_PM-mission-
context/handoff/2026-09-04_PM-mission-control_v63_orchestrator_session_prompt.md	context/handoff/archive/prompts/2026-09-04_PM-mission-control_v63_orchestrator_session_prompt.md	status: LIVE from the v62 close (2026-09-04); dispatched with `context/handoff/2026-09-04_	status: SUPERSEDED 2026-09-07 — by: context/handoff/archive/prompts/2026-09-05_PM-mission-
context/handoff/2026-09-05_PM-mission-control_v64_orchestrator_session_prompt.md	context/handoff/archive/prompts/2026-09-05_PM-mission-control_v64_orchestrator_session_prompt.md	status: LIVE from the v63 close (2026-09-05). Supersedes context/handoff/2026-09-04_PM-mis	status: SUPERSEDED 2026-09-07 — by: context/handoff/archive/prompts/2026-09-05_PM-mission-
context/handoff/2026-09-05_PM-mission-control_v65_orchestrator_session_prompt.md	context/handoff/archive/prompts/2026-09-05_PM-mission-control_v65_orchestrator_session_prompt.md	status: LIVE from the v64 close (2026-09-05). Supersedes context/handoff/2026-09-05_PM-mis	status: SUPERSEDED 2026-09-07 — by: context/handoff/archive/prompts/2026-09-05_PM-mission-
context/handoff/2026-09-05_PM-mission-control_v66_orchestrator_session_prompt.md	context/handoff/archive/prompts/2026-09-05_PM-mission-control_v66_orchestrator_session_prompt.md	status: RETIRED at the v66 close (Sun 2026-09-06) — superseded by context/handoff/2026-09-	status: RETIRED at the v66 close (Sun 2026-09-06) — superseded by context/handoff/2026-09-
context/handoff/2026-07-27_WCAP2_recent-run-chain_operator-block.md	context/handoff/archive/2026-07/2026-07-27_WCAP2_recent-run-chain_operator-block.md	status: READY — authored 2026-07-27 (v39 hub, beat 7).	status: EXECUTED 2026-07-27 — return: context/audits/2026-07-27_WCAP2_recent-run-chain_ret
context/handoff/2026-07-27_WCAP_detail-read-wire-capture_operator-block.md	context/handoff/archive/2026-07/2026-07-27_WCAP_detail-read-wire-capture_operator-block.md	status: READY — authored 2026-07-27 (v39 hub, beat 5).	status: EXECUTED 2026-07-27 — return: context/audits/2026-07-27_WCAP_detail-read-wire-capt
context/handoff/2026-07-27_agent-substrate-research_lane_session_prompt.md	context/handoff/archive/2026-07/2026-07-27_agent-substrate-research_lane_session_prompt.md	status: READY — authored 2026-07-27 (v39 hub, beat 7); AMENDED IN PLACE 2026-07-28 (v40 hu	status: EXECUTED 2026-08-02 — return: context/research/2026-08-02_skills-context-engineeri
context/handoff/2026-07-27_dash-serve-deploy-evening_operator-brief.md	context/handoff/archive/2026-07/2026-07-27_dash-serve-deploy-evening_operator-brief.md	status: READY — authored 2026-07-27 (v39 hub, beat 4). Executes ANY evening; no preconditi	status: EXECUTED 2026-07-27 — return: context/audits/2026-07-27_dash-serve-deploy-evening_
context/handoff/2026-07-28_skills-currency-pass_lane_session_prompt.md	context/handoff/archive/2026-07/2026-07-28_skills-currency-pass_lane_session_prompt.md	status: READY — authored 2026-07-28 (v39 hub, beat 10). Launch: `Read nexsys-hivemind/cont	status: EXECUTED 2026-07-28 — return: context/audits/2026-07-28_skills-pass_return.md · au
context/handoff/2026-07-30_FE-LIVE-V112-item1_lane_session_prompt.md	context/handoff/archive/2026-07/2026-07-30_FE-LIVE-V112-item1_lane_session_prompt.md	status: READY — authored 2026-07-30 (v41 hub, beat 1). Nick approved the parallel launch a	status: EXECUTED 2026-07-30 — return: context/audits/2026-07-30_FE-LIVE-V112-item1_return.
context/handoff/2026-07-30_skills-currency-pass-2_lane_session_prompt.md	context/handoff/archive/2026-07/2026-07-30_skills-currency-pass-2_lane_session_prompt.md	status: READY — authored 2026-07-30 (v40 hub, beat 5). Launch: `Read nexsys-hivemind/conte	status: EXECUTED 2026-07-30 — return: context/audits/2026-07-30_skills-pass-2_return.md · 
context/handoff/2026-07-31_B3-pins-and-F14_pi-trip_operator-package.md	context/handoff/archive/2026-07/2026-07-31_B3-pins-and-F14_pi-trip_operator-package.md	status: ISSUED v42 beat 6. Consumed when all five ⏺ sets are pasted to the hub.	status: EXECUTED 2026-07-31 — return: context/audits/2026-07-31_B3_return.md · audit: none
context/handoff/2026-07-31_freeze-runway_session-plan.md	context/handoff/archive/2026-07/2026-07-31_freeze-runway_session-plan.md	status: ACTIVE until the charter lands	status: EXECUTED 2026-08-14 — return: none on disk · audit: none on disk · was: ACTIVE unt
context/handoff/2026-08-06_H3_pi-trip_operator-package.md	context/handoff/archive/2026-08/2026-08-06_H3_pi-trip_operator-package.md	status: ISSUED — authored v47 hub beat 1 (2026-08-06; the v47 prompt's author-first charge	status: EXECUTED 2026-08-06 — return: context/audits/2026-08-06_H3_pi-trip_operator-return
context/handoff/2026-08-07_killmode-apply_operator-packet.md	context/handoff/archive/2026-08/2026-08-07_killmode-apply_operator-packet.md	status: ISSUED 2026-08-07 (v48 beat 1). Execute at leisure — every night is safe meanwhile	status: EXECUTED 2026-08-07 — return: none on disk · audit: none on disk · was: ISSUED 202
context/handoff/2026-08-09_H3-clean-image_fresh-install_operator-packet.md	context/handoff/archive/2026-08/2026-08-09_H3-clean-image_fresh-install_operator-packet.md	status: DISPATCH-READY. Dispatch line: "Read nexsys-hivemind/context/handoff/2026-08-09_H3	status: EXECUTED 2026-08-09 — return: context/audits/2026-08-09_H3-clean-image_fresh-insta
context/handoff/2026-08-11_H3-stage2_dispatch-addendum.md	context/handoff/archive/2026-08/2026-08-11_H3-stage2_dispatch-addendum.md	status: ACTIVE for the 2026-08-11 evening rep	status: EXECUTED 2026-08-11 — return: none on disk · audit: none on disk · was: ACTIVE for
context/handoff/2026-08-12_H3-stage2_pause-and-resume-note.md	context/handoff/archive/2026-08/2026-08-12_H3-stage2_pause-and-resume-note.md	status: ACTIVE until the hardware half completes	status: EXECUTED 2026-08-12 — return: none on disk · audit: none on disk · was: ACTIVE unt
context/handoff/2026-08-13_H3-stage2_fresh-session-context-pack.md	context/handoff/archive/2026-08/2026-08-13_H3-stage2_fresh-session-context-pack.md	status: CURRENT as of 2026-08-13 07:00 CDT	status: EXECUTED 2026-08-13 — return: none on disk · audit: none on disk · was: CURRENT as
context/handoff/2026-08-13_H3-stage2_hub-decision-brief.md	context/handoff/archive/2026-08/2026-08-13_H3-stage2_hub-decision-brief.md	status: OPEN — five decisions pending. Freeze is Fri 2026-08-14 EOD.	status: EXECUTED 2026-08-14 — return: none on disk · audit: none on disk · was: OPEN — fiv
context/handoff/2026-08-13_gate-weekend_plan-of-record.md	context/handoff/archive/2026-08/2026-08-13_gate-weekend_plan-of-record.md	<no status line>	status: EXECUTED 2026-08-16 — return: none on disk · audit: context/audits/2026-08-16_THE-
context/handoff/2026-08-14_G1_gate-day-demo_runbook.md	context/handoff/archive/2026-08/2026-08-14_G1_gate-day-demo_runbook.md	<no status line>	status: EXECUTED 2026-08-16 — return: context/audits/2026-08-15_G1-runbook_desk-adjudicati
context/handoff/2026-08-14_freeze-day_operator-block.md	context/handoff/archive/2026-08/2026-08-14_freeze-day_operator-block.md	<no status line>	status: EXECUTED 2026-08-14 — return: none on disk · audit: none on disk · was: <no status
context/handoff/2026-08-15_bench-evening_pre-READ_operator-packet.md	context/handoff/archive/2026-08/2026-08-15_bench-evening_pre-READ_operator-packet.md	<no status line>	status: EXECUTED 2026-08-15 — return: context/audits/2026-08-15_bench-evening_pre-READ_ope
context/handoff/2026-08-16_THE-READ_navigator-packet.md	context/handoff/archive/2026-08/2026-08-16_THE-READ_navigator-packet.md	<no status line>	status: EXECUTED 2026-08-16 — return: context/audits/2026-08-16_THE-READ_gate-record_and_v
context/handoff/2026-08-17_midweek-FE-deploy_operator-packet.md	context/handoff/archive/2026-08/2026-08-17_midweek-FE-deploy_operator-packet.md	status: READY — executes Tue or Wed evening; post-freeze-lawful (the HOLD lifted at the ga	status: EXECUTED 2026-08-20 — return: context/audits/2026-08-20_midweek-FE-deploy_sitting-
context/handoff/2026-08-21_card-sitting_operator-packet.md	context/handoff/archive/2026-08/2026-08-21_card-sitting_operator-packet.md	status: ISSUE-READY (v55 beat 1; AMENDED beat 3 — R-0 GO received: Block 0 runs TONIGHT (F	status: EXECUTED 2026-08-23 — return: context/audits/2026-08-23_card-sitting_Blocks-1-3_op
context/handoff/2026-08-22_R3-packet_new-blocks_CI-artifact-install_and_E3-restart-proof.md	context/handoff/archive/2026-08/2026-08-22_R3-packet_new-blocks_CI-artifact-install_and_E3-restart-proof.md	status: AUTHORED-AHEAD (v56 beat 1). Three [⏺-GROUNDED] slots remain — the post-Block-2 he	status: SUPERSEDED 2026-09-07 — by: context/handoff/archive/2026-08/2026-08-26_R3a_rehears
context/handoff/2026-08-22_v56_dispatch-text_verbatim.md	context/handoff/archive/2026-08/2026-08-22_v56_dispatch-text_verbatim.md	status: FILED (v56 beat 1). Verbatim; nothing below is the hub's.	status: EXECUTED 2026-08-22 — return: none on disk · audit: none on disk · was: FILED (v56
context/handoff/2026-08-26_R3a_rehearsal_operator-packet.md	context/handoff/archive/2026-08/2026-08-26_R3a_rehearsal_operator-packet.md	status: PRINT-READY (v57 beat 2, Thu 2026-08-27) — the `dec35be` install-smoke run is **32	status: EXECUTED 2026-08-30 — return: context/audits/2026-08-30_R3a_rehearsal_operator-rec
context/handoff/2026-08-26_v57_dispatch-text.md	context/handoff/archive/2026-08/2026-08-26_v57_dispatch-text.md	status: RECORD (verbatim; never edited).	status: EXECUTED 2026-08-26 — return: none on disk · audit: none on disk · was: RECORD (ve
context/handoff/2026-08-27_LLC-checkup_navigator-packet.md	context/handoff/archive/2026-08/2026-08-27_LLC-checkup_navigator-packet.md	status: DISPATCH-READY (v57 beat 3, 2026-08-27). Return: `context/audits/<filing-date>_LLC	status: EXECUTED 2026-08-29 — return: context/audits/2026-08-29_LLC-checkup_navigator-retu
context/handoff/2026-08-27_R4_re-rep_operator-packet.md	context/handoff/archive/2026-08/2026-08-27_R4_re-rep_operator-packet.md	status: DRAFT-PENDING-R-3b · ★-AMENDED v58 beat 7 (2026-08-30): the R-3a findings folded —	status: EXECUTED 2026-08-30 — return: context/audits/2026-08-30_R4_re-rep_operator-record.
context/handoff/2026-08-28_NFCU-business-account_navigator-packet.md	context/handoff/archive/2026-08/2026-08-28_NFCU-business-account_navigator-packet.md	status: DISPATCH-READY 2026-08-28 (beat 9). NFCU ruled the operating bank (beat 7, grounde	status: EXECUTED 2026-08-30 — return: context/handoff/2026-08-28_NFCU_application_return.m
context/handoff/2026-08-30_R4_navigator_session-prompt.md	context/handoff/archive/2026-08/2026-08-30_R4_navigator_session-prompt.md	status: LIVE Sun 2026-08-30 ~16:45 CT. Retires when the record closes (§7 done, or a STOP)	status: EXECUTED 2026-08-30 — return: context/audits/2026-08-30_R4_re-rep_operator-record.
context/handoff/2026-09-02_O2_held-card_next-boot_operator-card.md	context/handoff/archive/2026-09/2026-09-02_O2_held-card_next-boot_operator-card.md	status: CLOSED — MEASURED ON THE HELD CARD (Nick, 2026-09-03 03:10Z = Wed 22:10 CT, `hs-fr	status: EXECUTED 2026-09-03 — return: none on disk · audit: none on disk · was: CLOSED — M
context/handoff/2026-09-04_R-4b_navigator-packet_held-card.md	context/handoff/archive/2026-09/2026-09-04_R-4b_navigator-packet_held-card.md	status: LIVE — TODAY (Fri 09-04). Do not start before §0's guard is answered. The record y	status: EXECUTED 2026-09-04 — return: context/audits/2026-09-04_R-4b_re-rep_operator-recor
context/handoff/2026-09-04_R-4b_navigator_session-prompt.md	context/handoff/archive/2026-09/2026-09-04_R-4b_navigator_session-prompt.md	status: LIVE Fri 2026-09-04 (dispatch ~11:00 CT). Retires when the record closes (§9 done,	status: EXECUTED 2026-09-04 — return: context/audits/2026-09-04_R-4b_re-rep_operator-recor
context/handoff/2026-09-04_v63_dispatch-prompt.md	context/handoff/archive/2026-09/2026-09-04_v63_dispatch-prompt.md	status: LIVE (v62 beat 9, Fri 2026-09-04 ~17:12 CT). Retires when v63 boots.	status: EXECUTED 2026-09-04 — return: none on disk · audit: context/audits/2026-09-04_v63-
context/handoff/2026-09-05_v64_dispatch-text_verbatim.md	context/handoff/archive/2026-09/2026-09-05_v64_dispatch-text_verbatim.md	status: FILED 2026-09-05 (v64 beat 1). The hub's reading of it: context/audits/2026-09-05_	status: EXECUTED 2026-09-05 — return: none on disk · audit: context/audits/2026-09-05_v64-
context/handoff/2026-09-05_v65_dispatch-text_for-Nick.md	context/handoff/archive/2026-09/2026-09-05_v65_dispatch-text_for-Nick.md	status: AUTHORED v64 beat 10 (Sat ~21:12 CT; instrument 2026-09-06T02:12Z). Supersedes the	status: EXECUTED 2026-09-05 — return: none on disk · audit: context/audits/2026-09-05_v65-
context/handoff/2026-09-05_v65_dispatch-text_verbatim.md	context/handoff/archive/2026-09/2026-09-05_v65_dispatch-text_verbatim.md	status: FILED v65 beat 1 (Sat 2026-09-05 ~21:36 CT; instrument 2026-09-06T02:36Z). Identit	status: EXECUTED 2026-09-05 — return: none on disk · audit: context/audits/2026-09-05_v65-
context/handoff/2026-09-02_v61_OPERATOR-BRIEF_for-Nick.md	context/handoff/archive/2026-09/2026-09-02_v61_OPERATOR-BRIEF_for-Nick.md	status: LIVE at v61 beat 12 (supersedes the beat-11 brief in place). This hub session clos	status: SUPERSEDED 2026-09-07 — by: context/handoff/2026-09-06_v66_OPERATOR-BRIEF_for-Nick
context/handoff/2026-09-03_v62_OPERATOR-BRIEF_for-Nick.md	context/handoff/archive/2026-09/2026-09-03_v62_OPERATOR-BRIEF_for-Nick.md	status: RETIRED IN PLACE at v63 beat 1 (Fri 2026-09-04, instrument 23:10Z = 18:10 CT) — su	status: SUPERSEDED 2026-09-07 — by: context/handoff/2026-09-06_v66_OPERATOR-BRIEF_for-Nick
context/handoff/2026-09-05_v63_OPERATOR-BRIEF_for-Nick.md	context/handoff/archive/2026-09/2026-09-05_v63_OPERATOR-BRIEF_for-Nick.md	status: RETIRED 2026-09-05 (v64 beat 1, 18:33Z = 13:33 CT) — superseded by context/handoff	status: SUPERSEDED 2026-09-07 — by: context/handoff/2026-09-06_v66_OPERATOR-BRIEF_for-Nick
context/handoff/2026-09-05_v64_OPERATOR-BRIEF_for-Nick.md	context/handoff/archive/2026-09/2026-09-05_v64_OPERATOR-BRIEF_for-Nick.md	status: v64 CLOSED at beat 6 (Sat 2026-09-05, instrument 20:23Z = 15:23 CT) — §CLOSE is th	status: SUPERSEDED 2026-09-07 — by: context/handoff/2026-09-06_v66_OPERATOR-BRIEF_for-Nick
context/handoff/2026-09-05_v65_OPERATOR-BRIEF_for-Nick.md	context/handoff/archive/2026-09/2026-09-05_v65_OPERATOR-BRIEF_for-Nick.md	status: SUPERSEDED at v65 beat 7 (Sun 2026-09-06) by context/handoff/2026-09-06_v66_OPERAT	status: SUPERSEDED 2026-09-07 — by: context/handoff/2026-09-06_v66_OPERATOR-BRIEF_for-Nick
context/handoff/2026-07-19_04p-adoption_BENCH-STOP_learn-persist-finding.md	context/handoff/archive/2026-07/2026-07-19_04p-adoption_BENCH-STOP_learn-persist-finding.md	status: CURRENT — authored 2026-07-19 from the live bench session (operator: Nick; adjudic	status: EXECUTED 2026-07-19 — return: none on disk (LEARN-PERSIST landed 2026-07-19) · aud
context/handoff/2026-07-19_matter-design-program_hub_session_prompt.md	context/handoff/2026-07-19_matter-design-program_hub_session_prompt.md	status: READY — authored 2026-07-19 by the v33 hub at close. Launch on Nick's word; runs P	status: PAUSED 2026-09-07 — no beat since 2026-07-19; resumes at the Matter horizon (Strat
context/instructions/2026-07-26_SKIP-VIS_explanation-honesty_coding-instruction.md	context/instructions/archive/2026-07-26_SKIP-VIS_explanation-honesty_coding-instruction.md	status: ISSUE-READY — ⛔ DP-4 ONLY is gated on Nick's one-line Q1b ruling (carried in the d	status: EXECUTED 2026-07-26 — return: none on disk (landed core da11f46; audit ACCEPT v38 
context/instructions/2026-07-27_DASH-SERVE_dashboard-serve-path_coding-instruction.md	context/instructions/archive/2026-07-27_DASH-SERVE_dashboard-serve-path_coding-instruction.md	status: ISSUE-READY 2026-07-27 (v39 hub, beat 1). Companion pre-verification: context/pre-	status: EXECUTED 2026-07-27 — return: context/audits/2026-07-27_dash-serve-deploy-evening_
context/instructions/2026-07-28_B2_suite-port-and-rebind_bench-instruction.md	context/instructions/archive/2026-07-28_B2_suite-port-and-rebind_bench-instruction.md	status: AUTHORED 2026-07-28 (v40 hub, beat 1). Baselines: bench `9f2b5ad` (tree clean at a	status: EXECUTED 2026-07-28 — return: context/audits/2026-07-28_B2_suite-port_return.md · 
context/instructions/2026-07-31_B3_bench-autostart-nightly_bench-instruction.md	context/instructions/archive/2026-07-31_B3_bench-autostart-nightly_bench-instruction.md	status: ISSUE-READY. Baseline: bench `8bce651` (clean, verified 2026-07-31); the deployed 	status: EXECUTED 2026-07-31 — return: context/audits/2026-07-31_B3_return.md · audit: cont
context/instructions/2026-07-31_WU-AVAIL-SEED_availability-seed-and-boot-truth_coding-instruction.md	context/instructions/archive/2026-07-31_WU-AVAIL-SEED_availability-seed-and-boot-truth_coding-instruction.md	<no status line>	status: EXECUTED 2026-07-31 — return: context/audits/2026-07-31_WU-AVAIL-SEED_return.md · 
context/instructions/2026-07-31_research-lanes_R1-technical_R2-brand_R3-frontier_briefs.md	context/instructions/archive/2026-07-31_research-lanes_R1-technical_R2-brand_R3-frontier_briefs.md	status: DISPATCH-READY	status: EXECUTED 2026-07-31 — return: context/research/2026-07-31_R1_availability_return.m
context/instructions/2026-07-31_strategy-lanes_LA-g2-readiness_LB-community-plugins_briefs.md	context/instructions/archive/2026-07-31_strategy-lanes_LA-g2-readiness_LB-community-plugins_briefs.md	status: DISPATCH-READY - dispatch lines in section D; ONE-file returns to context/research	status: EXECUTED 2026-08-01 — return: context/research/2026-08-01_LA_g2-readiness_return.m
context/instructions/2026-08-01_owed-items_operator-packet_v43-beat-9.md	context/instructions/archive/2026-08-01_owed-items_operator-packet_v43-beat-9.md	status: ACTIVE until all five artifacts are pasted back to the hub (v43 or v44) and intake	status: EXECUTED 2026-08-02 — return: none on disk · audit: none on disk · was: ACTIVE unt
context/instructions/2026-08-01_strategy-lanes_LC-presence-community_LD-platform-horizon_briefs.md	context/instructions/archive/2026-08-01_strategy-lanes_LC-presence-community_LD-platform-horizon_briefs.md	status: DISPATCH-READY - dispatch lines in Section D; ONE-file returns to context/research	status: EXECUTED 2026-08-02 — return: context/research/2026-08-01_LC_presence-community_re
context/instructions/2026-08-02_B3.1-B3.2_nightly-hardening-and-rejoin-repin_coding-instruction.md	context/instructions/archive/2026-08-02_B3.1-B3.2_nightly-hardening-and-rejoin-repin_coding-instruction.md	status: ISSUE-READY	status: EXECUTED 2026-08-02 — return: context/audits/2026-08-02_B3.1-B3.2_return.md · audi
context/instructions/2026-08-02_W-SKILLS_v44-skills-pass_lane_brief.md	context/instructions/archive/2026-08-02_W-SKILLS_v44-skills-pass_lane_brief.md	status: DISPATCH-READY (authored v44 beat 4, 2026-08-02)	status: EXECUTED 2026-08-03 — return: context/audits/2026-08-03_W-SKILLS_v44-pass_return.m
context/instructions/2026-08-04_B3.3_s31-suite-position_bench-instruction.md	context/instructions/archive/2026-08-04_B3.3_s31-suite-position_bench-instruction.md	status: ISSUE-READY. baseline: bench `41a7a3c` CLEAN (hub-verified 2026-08-04). Return → `	status: EXECUTED 2026-08-04 — return: context/audits/2026-08-04_B3.3_return.md · audit: co
context/instructions/2026-08-04_REV-1_physics-spine_adversarial-review_lane_brief.md	context/instructions/archive/2026-08-04_REV-1_physics-spine_adversarial-review_lane_brief.md	status: DISPATCH-READY. Baseline: core `60d3ab5` (re-derive at launch — if S-5a has landed	status: EXECUTED 2026-08-04 — return: context/audits/2026-08-04_REV-1_physics-spine_advers
context/instructions/2026-08-04_S-5a_sqlite-bump-and-float-sweep_coding-instruction.md	context/instructions/archive/2026-08-04_S-5a_sqlite-bump-and-float-sweep_coding-instruction.md	status: ISSUE-READY. baseline: core `60d3ab5` CLEAN (hub-verified 2026-08-04; the DEPLOYED	status: EXECUTED 2026-08-04 — return: context/audits/2026-08-04_S-5a_return.md · audit: co
context/instructions/2026-08-05_S-5c_sidecar-atomic-write_coding-instruction.md	context/instructions/archive/2026-08-05_S-5c_sidecar-atomic-write_coding-instruction.md	status: ISSUE-READY. baseline: core `60d3ab5` at authoring — S-5a may land first; RE-DERIV	status: EXECUTED 2026-08-05 — return: context/audits/2026-08-05_S-5c_return.md · audit: co
context/instructions/2026-08-05_W-SKILLS-2_v45-hygiene-pass_lane_brief.md	context/instructions/archive/2026-08-05_W-SKILLS-2_v45-hygiene-pass_lane_brief.md	status: ISSUE-READY. Baseline: nexsys-skills + nexsys-hivemind at the HEADs you derive at 	status: EXECUTED 2026-08-05 — return: context/audits/2026-08-05_W-SKILLS-2_return.md · aud
context/instructions/2026-08-07_M9.5-DURd-A2_instrumented-branch-capture_packet.md	context/instructions/archive/2026-08-07_M9.5-DURd-A2_instrumented-branch-capture_packet.md	status: ISSUE-READY. baseline: core `8955e23`, clean tree (the lane's Phase-A scratches we	status: EXECUTED 2026-08-07 — return: context/audits/2026-08-07_M9.5-DURd_return.md · audi
context/instructions/2026-08-07_M9.5-DURd-Bprime_state-projection-liveness-window-closure_coding-instruction.md	context/instructions/archive/2026-08-07_M9.5-DURd-Bprime_state-projection-liveness-window-closure_coding-instruction.md	status: ISSUE-READY (disposal language corrected pre-issue at the beat-1 ask — the order w	status: EXECUTED 2026-08-07 — return: context/audits/2026-08-07_M9.5-DURd_return.md · audi
context/instructions/2026-08-07_M9.5-DURd_heroloop-ci-red_diagnose-and-label-log_coding-instruction.md	context/instructions/archive/2026-08-07_M9.5-DURd_heroloop-ci-red_diagnose-and-label-log_coding-instruction.md	status: ISSUE-READY	status: EXECUTED 2026-08-07 — return: context/audits/2026-08-07_M9.5-DURd_return.md · audi
context/instructions/2026-08-07_grounding-lane_LF-delivery-evidence-closure_brief.md	context/instructions/archive/2026-08-07_grounding-lane_LF-delivery-evidence-closure_brief.md	status: DISPATCH-READY. Dispatch line: "Read nexsys-hivemind/context/instructions/2026-08-	status: EXECUTED 2026-08-15 — return: context/research/2026-08-15_LF_delivery-evidence-clo
context/instructions/2026-08-07_research-lane_LE-physics-aware-deep-research_brief.md	context/instructions/archive/2026-08-07_research-lane_LE-physics-aware-deep-research_brief.md	status: DISPATCH-READY. Dispatch line: "Read nexsys-hivemind/context/instructions/2026-08-	status: EXECUTED 2026-08-15 — return: context/research/2026-08-15_LE_physics-aware-deep-re
context/instructions/2026-08-08_audit-lane_WCOHERE-navigation-and-living-skills_brief.md	context/instructions/archive/2026-08-08_audit-lane_WCOHERE-navigation-and-living-skills_brief.md	status: DISPATCH-READY. Dispatch line: "Read nexsys-hivemind/context/instructions/2026-08-	status: EXECUTED 2026-08-09 — return: context/audits/2026-08-09_WCOHERE_navigation-audit_r
context/instructions/2026-08-08_research-lane_WMARKET-market-currency_brief.md	context/instructions/archive/2026-08-08_research-lane_WMARKET-market-currency_brief.md	status: DISPATCH-READY. Dispatch line: "Read nexsys-hivemind/context/instructions/2026-08-	status: EXECUTED 2026-08-09 — return: context/research/2026-08-09_WMARKET_market-currency_
context/instructions/2026-08-17_FE-lane_NEW23_error-posture-and-nullability_brief.md	context/instructions/archive/2026-08-17_FE-lane_NEW23_error-posture-and-nullability_brief.md	<no status line>	status: EXECUTED 2026-08-17 — return: context/audits/2026-08-17_FE-lane_NEW23_return.md · 
context/instructions/2026-08-17_R11_wayfinding-truth-map_lane_brief.md	context/instructions/archive/2026-08-17_R11_wayfinding-truth-map_lane_brief.md	status: ISSUE-READY. Baseline: nexsys-hivemind at the HEAD you derive at launch (state it 	status: EXECUTED 2026-08-18 — return: context/audits/2026-08-18_R11_wayfinding_return.md ·
context/instructions/2026-08-17_W-SKILLS-3_R12_currency-pass_lane_brief.md	context/instructions/archive/2026-08-17_W-SKILLS-3_R12_currency-pass_lane_brief.md	status: ISSUE-READY. Baseline: nexsys-skills + nexsys-hivemind at the HEADs you derive at 	status: EXECUTED 2026-08-18 — return: context/audits/2026-08-18_W-SKILLS-3_return.md · aud
context/instructions/2026-08-17_research-lane_RS1-verdict-honesty-competitive-study_brief.md	context/instructions/archive/2026-08-17_research-lane_RS1-verdict-honesty-competitive-study_brief.md	<no status line>	status: EXECUTED 2026-08-20 — return: context/audits/2026-08-20_RS1_verdict-honesty-compet
context/instructions/2026-08-17_research-lane_RS2-physics-world-model_charter-evidence_brief.md	context/instructions/archive/2026-08-17_research-lane_RS2-physics-world-model_charter-evidence_brief.md	<no status line>	status: EXECUTED 2026-08-21 — return: context/audits/2026-08-21_RS2_physics-world-model_ch
context/instructions/2026-08-20_R1-R2_packaged-write-path_red-first-and-jlink-fix_coding-instruction.md	context/instructions/archive/2026-08-20_R1-R2_packaged-write-path_red-first-and-jlink-fix_coding-instruction.md	status: ISSUE-READY. Baseline: core `c091f7c` (verify at launch; porcelain clean except th	status: EXECUTED 2026-08-20 — return: context/audits/2026-08-20_R1R2_return.md · audit: no
context/instructions/2026-08-21_FE-lane_never-triggered-fixture_and_F-S3_brief.md	context/instructions/archive/2026-08-21_FE-lane_never-triggered-fixture_and_F-S3_brief.md	<no status line>	status: EXECUTED 2026-08-21 — return: context/audits/2026-08-21_FE-lane_never-triggered-fi
context/instructions/2026-08-21_R3_PKG-E2E-1_packaged-integration-run_coding-instruction_SKELETON.md	context/instructions/archive/2026-08-21_R3_PKG-E2E-1_packaged-integration-run_coding-instruction_SKELETON.md	status: SKELETON (v55 beat 1; AMENDED beat 3 — **R-3 RULED CLONE** (Nick, 2026-08-21) and 	status: SUPERSEDED 2026-09-07 — by: context/handoff/archive/2026-08/2026-08-26_R3a_rehears
context/instructions/2026-08-21_R6-R8_token-rotation-operator-path_coding-instruction.md	context/instructions/archive/2026-08-21_R6-R8_token-rotation-operator-path_coding-instruction.md	status: ISSUE-READY (v55 beat 1). Baseline: core `7c9e4fa` (verify at launch; porcelain cl	status: EXECUTED 2026-08-22 — return: context/audits/2026-08-22_R6R8_token-ops_return.md ·
context/instructions/2026-08-21_research-lane_RS4-cra-readiness-memo_brief.md	context/instructions/archive/2026-08-21_research-lane_RS4-cra-readiness-memo_brief.md	<no status line>	status: EXECUTED 2026-08-21 — return: context/audits/2026-08-21_RS4_cra-readiness-memo_ret
context/instructions/2026-08-22_FE-lane_SWAP-CENSUS_brand-token-reach_brief.md	context/instructions/archive/2026-08-22_FE-lane_SWAP-CENSUS_brand-token-reach_brief.md	status: DISPATCH-READY (v56 beat 1). Due: on disk by Tue 2026-08-25 EOD CT (before the wor	status: EXECUTED 2026-08-22 — return: context/audits/2026-08-22_FE-SWAP-CENSUS_return.md ·
context/instructions/2026-08-22_FE-lane_SWAP-GATE_brand-token-pin_micro-WU.md	context/instructions/archive/2026-08-22_FE-lane_SWAP-GATE_brand-token-pin_micro-WU.md	status: ISSUE-READY (v56 beat 2). Baseline: core `89a912e` (the census commit; `web-ui/das	status: EXECUTED 2026-08-27 — return: context/audits/2026-08-27_FE-SWAP-GATE_return.md · a
context/instructions/2026-08-22_R7_arm64-artifact-channel_coding-instruction.md	context/instructions/archive/2026-08-22_R7_arm64-artifact-channel_coding-instruction.md	status: ISSUE-READY (v55 beat 4). Baseline: core `33861ad` (verify at launch; porcelain cl	status: EXECUTED 2026-08-22 — return: context/audits/2026-08-22_R7_arm64-artifact-channel_
context/instructions/2026-08-22_R7b_version-scheme_distribution-micro-WU_coding-instruction.md	context/instructions/archive/2026-08-22_R7b_version-scheme_distribution-micro-WU_coding-instruction.md	status: ISSUE-READY (v56 beat 1). Baseline: core `89a912e` (R-7 landed; CI GREEN on all th	status: EXECUTED 2026-08-23 — return: context/audits/2026-08-23_R7b_version-scheme_return.
context/instructions/2026-08-22_R9_E3-HEALTH_unauthenticated-loopback-health_coding-instruction.md	context/instructions/archive/2026-08-22_R9_E3-HEALTH_unauthenticated-loopback-health_coding-instruction.md	status: ISSUE-READY (v55 beat 6). Baseline: core `62dbca3` + the R-7 commit (the 7-file ar	status: EXECUTED 2026-08-22 — return: context/audits/2026-08-22_R9_E3-HEALTH_return.md · a
context/instructions/2026-08-22_research-lane_BRAND-SPRINT-1_build-out-board_brief.md	context/instructions/archive/2026-08-22_research-lane_BRAND-SPRINT-1_build-out-board_brief.md	status: DISPATCH-READY (v56 beat 1). Due: on disk by Tue 2026-08-25 EOD CT (the Pelton res	status: EXECUTED 2026-08-22 — return: context/audits/2026-08-22_BRAND-SPRINT-1_return.md ·
context/instructions/2026-08-22_research-lane_R10-IN-L_liveness-contract-and-notify-transport_brief.md	context/instructions/archive/2026-08-22_research-lane_R10-IN-L_liveness-contract-and-notify-transport_brief.md	status: DISPATCH-READY (v56 beat 1). Due: on disk by Fri 2026-08-28 EOD CT (parallel, read	status: EXECUTED 2026-08-22 — return: context/audits/2026-08-22_R10-IN-L_liveness-and-noti
context/instructions/2026-08-22_research-lane_R10-IN-P_physics-seed-vs-measured-bench_brief.md	context/instructions/archive/2026-08-22_research-lane_R10-IN-P_physics-seed-vs-measured-bench_brief.md	status: DISPATCH-READY (v56 beat 1). Due: before the R-10 charter weekend (on disk by Fri 	status: EXECUTED 2026-08-22 — return: context/audits/2026-08-22_R10-IN-P_physics-seed-vs-m
context/instructions/2026-08-22_research-lane_W-HIVE-1_hivemind-token-economy_brief.md	context/instructions/archive/2026-08-22_research-lane_W-HIVE-1_hivemind-token-economy_brief.md	status: DISPATCH-READY (v56 beat 1). Baseline: hivemind `ee767de` (v55 beat 6) or newer — 	status: EXECUTED 2026-08-22 — return: context/audits/2026-08-22_W-HIVE-1_hivemind-token-ec
context/instructions/2026-08-23_skills-lane_W-SKILLS-4_launch-cost-and-conventions_brief.md	context/instructions/archive/2026-08-23_skills-lane_W-SKILLS-4_launch-cost-and-conventions_brief.md	status: DISPATCH-READY (v56 beat 4). Dispatch Mon/Tue Aug 24–25. Baseline: hivemind at the	status: EXECUTED 2026-08-26 — return: context/audits/2026-08-26_W-SKILLS-4_return.md · aud
context/instructions/2026-08-27_R3b_PKG-E2E-1_unit-loosening_coding-instruction.md	context/instructions/archive/2026-08-27_R3b_PKG-E2E-1_unit-loosening_coding-instruction.md	status: **ISSUE-READY-PENDING-MEASUREMENT** — dispatch ONLY after the hub stamps §2 with t	status: EXECUTED 2026-08-30 — return: context/audits/2026-08-30_R3b_unit-loosening_return.
context/instructions/2026-08-28_PKG-SEC-1_run-smoke-token-mode_and_version-symmetry_coding-instruction.md	context/instructions/archive/2026-08-28_PKG-SEC-1_run-smoke-token-mode_and_version-symmetry_coding-instruction.md	status: **ISSUE-READY — HELD UNTIL POST-R-4** (the next core touches are R-3b then this; d	status: EXECUTED 2026-08-30 — return: context/audits/2026-08-30_PKG-SEC-1_return.md · audi
context/instructions/2026-08-28_skills-lane_W-SKILLS-5_pm-p7-fold_and_masthead-provenance_brief.md	context/instructions/archive/2026-08-28_skills-lane_W-SKILLS-5_pm-p7-fold_and_masthead-provenance_brief.md	status: DISPATCH-READY (v57 beat 7, Fri 2026-08-28). **Dispatch Saturday evening or Sunday	status: EXECUTED 2026-08-29 — return: context/audits/2026-08-29_W-SKILLS-5_return.md · aud
context/instructions/2026-08-29_research-lane_RS-4_80211bf-sensing-physics_brief.md	context/instructions/archive/2026-08-29_research-lane_RS-4_80211bf-sensing-physics_brief.md	status: DISPATCH-READY (v58 beat 3, Sat 2026-08-29). Runs unattended; the hub audits on re	status: EXECUTED 2026-08-29 — return: context/research/2026-08-29_RS4_80211bf-sensing_retu
context/instructions/2026-08-30_FE-HONEST-1_lane-brief.md	context/instructions/archive/2026-08-30_FE-HONEST-1_lane-brief.md	status: ISSUE-READY. Write-set: web-ui/** ONLY (core = NICK'S HANDS at commit; the lane co	status: EXECUTED 2026-08-30 — return: context/audits/2026-08-30_FE-HONEST-1_return.md · au
context/instructions/2026-08-30_PKG-SEC-2_zigbee-schema-admission_charter.md	context/instructions/archive/2026-08-30_PKG-SEC-2_zigbee-schema-admission_charter.md	status: CHARTERED — NOT DISPATCHED. Evidence: context/audits/2026-08-30_R4_re-rep_operator	status: SUPERSEDED 2026-09-07 — by: context/instructions/archive/2026-09-02_coder-lane_PKG
context/instructions/2026-09-02_coder-lane_F-R4-1_interview-on-rejoin_coding-instruction_RULING-SLOTTED.md	context/instructions/archive/2026-09-02_coder-lane_F-R4-1_interview-on-rejoin_coding-instruction_RULING-SLOTTED.md	status: AUTHORED AHEAD — RULING-SLOTTED. Dispatches when §0's slot reads RULED. Return: `c	status: EXECUTED 2026-09-02 — return: context/audits/2026-09-02_F-R4-1_return.md · audit: 
context/instructions/2026-09-02_coder-lane_PKG-SEC-2_zigbee-schema-admission_coding-instruction_RULING-SLOTTED.md	context/instructions/archive/2026-09-02_coder-lane_PKG-SEC-2_zigbee-schema-admission_coding-instruction_RULING-SLOTTED.md	status: AUTHORED AHEAD — RULING-SLOTTED. Dispatches when §0 reads RULED. Return: `context/	status: EXECUTED 2026-09-03 — return: context/audits/2026-09-03_PKG-SEC-2_return.md · audi
context/instructions/2026-09-03_evidence-read_s31-nightly-0902_session_prompt.md	context/instructions/archive/2026-09-03_evidence-read_s31-nightly-0902_session_prompt.md	status: DISPATCH-READY — authored at v61 beat 10 (2026-09-03 ~06:30 CT). Return path: nexs	status: EXECUTED 2026-09-03 — return: context/audits/2026-09-03_s31-nightly-0902_evidence-
context/instructions/2026-09-04_coder-lane_FAILCHAN-FIX-1_CI-nondeterminism_coding-instruction.md	context/instructions/archive/2026-09-04_coder-lane_FAILCHAN-FIX-1_CI-nondeterminism_coding-instruction.md	status: ISSUE-READY — dispatch-as-word (`FIX1: class` is the hub's recommendation and the 	status: EXECUTED 2026-09-05 — return: context/audits/2026-09-05_FIX-1_return.md · audit: c
context/instructions/2026-09-04_coder-lane_FAILCHAN_boot-honesty-sweep_coding-instruction.md	context/instructions/archive/2026-09-04_coder-lane_FAILCHAN_boot-honesty-sweep_coding-instruction.md	status: ISSUE-READY — dispatch-as-word (Row 6 (a) + EXITCODE (a) are ruled). baseline: cor	status: EXECUTED 2026-09-04 — return: context/audits/2026-09-04_FAILCHAN_return.md · audit
context/instructions/2026-09-05_coder-lane_CG-123_read-API-v1.1.3-additive_coding-instruction.md	context/instructions/archive/2026-09-05_coder-lane_CG-123_read-API-v1.1.3-additive_coding-instruction.md	status: ⛔ GATED on FIX-1b's push run GREEN (the deferred gate on `main`; one lane on the c	status: EXECUTED 2026-09-05 — return: context/audits/2026-09-05_CG-123_return.md · audit: 
context/instructions/2026-09-05_frontend-lane_FE-113_read-API-v1.1.3-mirror_fast-follow_instruction.md	context/instructions/archive/2026-09-05_frontend-lane_FE-113_read-API-v1.1.3-mirror_fast-follow_instruction.md	status: AUTHORED v65 beat 3; §2 SLOTS FILLED at v65 beat 5 from the CG audit (`context/aud	status: EXECUTED 2026-09-06 — return: context/audits/2026-09-06_FE-113_return.md · audit: 
context/instructions/2026-09-06_coder-lane_F-R4-1b_zdo-ieee-addr-req_second-surface_coding-instruction.md	context/instructions/archive/2026-09-06_coder-lane_F-R4-1b_zdo-ieee-addr-req_second-surface_coding-instruction.md	status: ⛔ GATED on FE-113 LANDING (one lane on the core tree — FE-113 is it until Nick's c	status: EXECUTED 2026-09-06 — return: context/audits/2026-09-06_F-R4-1b_return.md · audit:
context/instructions/2026-09-05_W-SKILLS-7_skills-pass_lane-dispatch.md	context/instructions/2026-09-05_W-SKILLS-7_skills-pass_lane-dispatch.md	status: AUTHORED v65 beat 1a (Sat 2026-09-05 ~21:42 CT; instrument 2026-09-06T02:42Z) unde	status: SUPERSEDED 2026-09-07 — by: context/instructions/2026-09-07_W-SKILLS-8_skills-pass
context/planning/2026-05-31_release-runway-roadmap.md	context/planning/2026-05-31_release-runway-roadmap.md	status: CURRENT — issued 2026-05-31 (M4.B-S1 closeout)	status: HISTORICAL 2026-09-07 — superseded by: context/planning/2026-09-06_v66_STATE-OF-TH
context/planning/2026-06-06_post-M4-plan-and-M5-scoping.md	context/planning/2026-06-06_post-M4-plan-and-M5-scoping.md	status: CURRENT — issued 2026-06-06 (post-M4)	status: HISTORICAL 2026-09-07 — superseded by: context/planning/2026-09-06_v66_STATE-OF-TH
context/planning/2026-06-08_M6-charter.md	context/planning/2026-06-08_M6-charter.md	status: CURRENT — issued 2026-06-08; entry-gate CLOSED 2026-06-09 (config side RATIFIED: A	status: HISTORICAL 2026-09-07 — superseded by: context/planning/2026-09-06_v66_STATE-OF-TH
context/planning/2026-06-13_side-research-candidates_CORE-DOCS.md	context/planning/2026-06-13_side-research-candidates_CORE-DOCS.md	status: READY — Nick selects + dispatches (veto-or-default); each lands as an R-series ret	status: HISTORICAL 2026-09-07 — superseded by: context/planning/2026-09-06_v66_STATE-OF-TH
context/planning/2026-06-13_strategy-refresh-drafts_R15.md	context/planning/2026-06-13_strategy-refresh-drafts_R15.md	status: DRAFT 2026-06-13 — authored at the M7-AMD-block session (W25 Lane 6). Per-item vet	status: HISTORICAL 2026-09-07 — superseded by: context/planning/2026-09-06_v66_STATE-OF-TH
context/planning/2026-06-14_automation-engine-superiority_research-vector_proposal.md	context/planning/2026-06-14_automation-engine-superiority_research-vector_proposal.md	status: DRAFT 2026-06-14 — registered in research-agenda.md (Track-3/4 addendum). Dispatch	status: HISTORICAL 2026-09-07 — superseded by: context/planning/2026-09-06_v66_STATE-OF-TH
context/planning/2026-06-26_v6-forward-plan_execution-refresh.md	context/planning/2026-06-26_v6-forward-plan_execution-refresh.md	status: ACTIVE — authored 2026-06-26. Ruling: Nick co-signed "full parallel fleet now" (ru	status: HISTORICAL 2026-09-07 — superseded by: context/planning/2026-09-06_v66_STATE-OF-TH
context/planning/2026-06-27_causal-read-API_scope-freeze-and-milestone-breakdown.md	context/planning/2026-06-27_causal-read-API_scope-freeze-and-milestone-breakdown.md	status: PROPOSED 2026-06-27 (v9 hub) — Nick delegated the read-API scope call; this is tha	status: HISTORICAL 2026-09-07 — superseded by: context/planning/2026-09-06_v66_STATE-OF-TH
context/planning/2026-06-29_frontend-master-plan.md	context/planning/2026-06-29_frontend-master-plan.md	status: DRAFT FOR NICK 2026-06-29 (frontend strategy + planning lane, nexsys-frontend role	status: HISTORICAL 2026-09-07 — superseded by: context/planning/2026-09-06_v66_STATE-OF-TH
context/planning/2026-06-30_frontend-pre-hardware-sprint.md	context/planning/2026-06-30_frontend-pre-hardware-sprint.md	status: DRAFT FOR NICK 2026-06-30 (frontend planning register). Builds on _amendment-1 (Ni	status: HISTORICAL 2026-09-07 — superseded by: context/planning/2026-09-06_v66_STATE-OF-TH
context/planning/2026-09-03_next-sessions_PROGRAM_v62-onward.md	context/planning/2026-09-03_next-sessions_PROGRAM_v62-onward.md	status: LIVE from v61 beat 9. Re-splice on: the sitting's words · the F-R4-1 CI verdict · 	status: HISTORICAL 2026-09-07 — superseded by: context/planning/2026-09-06_v66_STATE-OF-TH
context/planning/weeks/2026-W30_jul20-jul26.md	context/planning/archive/weeks/2026-W30_jul20-jul26.md	status: IN_PROGRESS (pre-minted at the v32 launch, 2026-07-18; becomes the current-week pl	status: IN_PROGRESS (pre-minted at the v32 launch, 2026-07-18; becomes the current-week pl
context/planning/weeks/2026-W31_jul27-aug02.md	context/planning/archive/weeks/2026-W31_jul27-aug02.md	status: PRE-MINTED (becomes the current-week plan at the 2026-07-27 boundary). The authori	status: PRE-MINTED (becomes the current-week plan at the 2026-07-27 boundary). The authori
context/planning/weeks/README.md	context/planning/archive/weeks/README.md	status: CURRENT	status: CURRENT
context/planning/weeks/archive/2026-W12_mar13-mar22.md	context/planning/archive/weeks/archive/2026-W12_mar13-mar22.md	status: CURRENT	status: CURRENT
context/planning/weeks/archive/2026-W12b_mar16-mar22.md	context/planning/archive/weeks/archive/2026-W12b_mar16-mar22.md	status: CURRENT	status: CURRENT
context/planning/weeks/archive/2026-W13_mar23-mar29.md	context/planning/archive/weeks/archive/2026-W13_mar23-mar29.md	status: CURRENT	status: CURRENT
context/planning/weeks/archive/2026-W14_mar30-apr05.md	context/planning/archive/weeks/archive/2026-W14_mar30-apr05.md	status: CURRENT	status: CURRENT
context/planning/weeks/archive/2026-W15_apr06-apr12.md	context/planning/archive/weeks/archive/2026-W15_apr06-apr12.md	status: CURRENT	status: CURRENT
context/planning/weeks/archive/2026-W21_may18-may24.md	context/planning/archive/weeks/archive/2026-W21_may18-may24.md	status: CURRENT	status: CURRENT
context/planning/weeks/archive/2026-W22_may25-may31.md	context/planning/archive/weeks/archive/2026-W22_may25-may31.md	status: COMPLETE — 2026-05-31 (Workstream A complete through M4.0b-5 `c99b425`; Workstream	status: COMPLETE — 2026-05-31 (Workstream A complete through M4.0b-5 `c99b425`; Workstream
context/planning/weeks/archive/2026-W23_jun01-jun07.md	context/planning/archive/weeks/archive/2026-W23_jun01-jun07.md	status: COMPLETE	status: COMPLETE
context/planning/weeks/archive/2026-W24_jun08-jun14.md	context/planning/archive/weeks/archive/2026-W24_jun08-jun14.md	status: COMPLETE (finalized 2026-06-18 at the converge session — rollover ran late; scorec	status: COMPLETE (finalized 2026-06-18 at the converge session — rollover ran late; scorec
context/planning/weeks/archive/2026-W25_jun15-jun21.md	context/planning/archive/weeks/archive/2026-W25_jun15-jun21.md	status: IN_PROGRESS (ACTIVATED 2026-06-18 at the converge session; W24 finalized COMPLETE 	status: IN_PROGRESS (ACTIVATED 2026-06-18 at the converge session; W24 finalized COMPLETE 
context/planning/weeks/archive/2026-W26_jun22-jun28.md	context/planning/archive/weeks/archive/2026-W26_jun22-jun28.md	status: IN_PROGRESS (W25→W26 rollover flipped 2026-06-22 by the v5 hub; originally scoped 	status: IN_PROGRESS (W25→W26 rollover flipped 2026-06-22 by the v5 hub; originally scoped 
context/planning/weeks/archive/2026-W27_jun29-jul05.md	context/planning/archive/weeks/archive/2026-W27_jun29-jul05.md	status: COMPLETE (closed 2026-07-04 by the v19 hub at the currency pass — close-state reco	status: COMPLETE (closed 2026-07-04 by the v19 hub at the currency pass — close-state reco
context/planning/weeks/archive/2026-W28_jul06-jul12.md	context/planning/archive/weeks/archive/2026-W28_jul06-jul12.md	status: IN_PROGRESS (flipped 2026-07-06 by the v21 hub at launch, per the plan's own flip 	status: IN_PROGRESS (flipped 2026-07-06 by the v21 hub at launch, per the plan's own flip 
context/planning/weeks/archive/2026-W29_jul13-jul19.md	context/planning/archive/weeks/archive/2026-W29_jul13-jul19.md	status: IN_PROGRESS (minted at the Monday boundary; the soak exited ≥ 2026-07-13 ~07:50 Pi	status: IN_PROGRESS (minted at the Monday boundary; the soak exited ≥ 2026-07-13 ~07:50 Pi
context/programs/matter-design/00_PROGRAM_STATUS.md	context/programs/matter-design/00_PROGRAM_STATUS.md	status: CURRENT — beat 3 (B1–B5 RULED; Phase C OPEN), 2026-07-19.	status: PAUSED 2026-09-07 — no beat since 2026-07-19; resumes at the Matter horizon (Strat
context/programs/matter-design/design/2026-07-19_phase-C_design-charter.md	context/programs/matter-design/design/2026-07-19_phase-C_design-charter.md	status: ACTIVE — authored 2026-07-19 at beat 3, on the B1–B5 rulings.	status: PAUSED 2026-09-07 — no beat since 2026-07-19; resumes at the Matter horizon (Strat
context/programs/matter-design/dispatches/2026-07-19_A1_stack-survey_lane_prompt.md	context/programs/matter-design/dispatches/2026-07-19_A1_stack-survey_lane_prompt.md	status: READY — authored 2026-07-19 by the Matter design-program hub (launch beat 1).	status: PAUSED 2026-09-07 — no beat since 2026-07-19; resumes at the Matter horizon (Strat
context/programs/matter-design/dispatches/2026-07-19_A2_transport-and-hardware_lane_prompt.md	context/programs/matter-design/dispatches/2026-07-19_A2_transport-and-hardware_lane_prompt.md	status: READY — authored 2026-07-19 by the Matter design-program hub (launch beat 1).	status: PAUSED 2026-09-07 — no beat since 2026-07-19; resumes at the Matter horizon (Strat
context/programs/matter-design/dispatches/2026-07-19_A3_architecture-fit_lane_prompt.md	context/programs/matter-design/dispatches/2026-07-19_A3_architecture-fit_lane_prompt.md	status: READY — authored 2026-07-19 by the Matter design-program hub (launch beat 1).	status: PAUSED 2026-09-07 — no beat since 2026-07-19; resumes at the Matter horizon (Strat
context/programs/matter-design/dispatches/2026-07-19_A4_moat-translation_lane_prompt.md	context/programs/matter-design/dispatches/2026-07-19_A4_moat-translation_lane_prompt.md	status: READY — authored 2026-07-19 by the Matter design-program hub (launch beat 1).	status: PAUSED 2026-09-07 — no beat since 2026-07-19; resumes at the Matter horizon (Strat
context/programs/matter-design/dispatches/2026-07-19_A5_integration-2-and-certification_lane_prompt.md	context/programs/matter-design/dispatches/2026-07-19_A5_integration-2-and-certification_lane_prompt.md	status: READY — authored 2026-07-19 by the Matter design-program hub (launch beat 1).	status: PAUSED 2026-09-07 — no beat since 2026-07-19; resumes at the Matter horizon (Strat
context/programs/matter-design/returns/A1_stack-survey_return.md	context/programs/matter-design/returns/A1_stack-survey_return.md	status: RETURN READY for hub audit — authored 2026-07-19 by the A1 stack-survey research l	status: PAUSED 2026-09-07 — no beat since 2026-07-19; resumes at the Matter horizon (Strat
context/programs/matter-design/returns/A5_integration-2-and-certification_return.md	context/programs/matter-design/returns/A5_integration-2-and-certification_return.md	status: RETURN READY for hub audit — authored 2026-07-19 by the A5 research lane (write-is	status: PAUSED 2026-09-07 — no beat since 2026-07-19; resumes at the Matter horizon (Strat
context/strategy/2026-07-05_naming-and-domain-strategy.md	context/strategy/2026-07-05_naming-and-domain-strategy.md	<no status line>	status: REFERENCE — 2026-07-05 — superseded-by: context/strategy/brand-program/2026-09-02_
context/strategy/2026-07-05_product-name-candidates.md	context/strategy/2026-07-05_product-name-candidates.md	<no status line>	status: REFERENCE — 2026-07-05 — superseded-by: context/strategy/brand-program/2026-09-02_
context/strategy/2026-07-23_fusion-strategy_deliberation-record.md	context/strategy/2026-07-23_fusion-strategy_deliberation-record.md	<no status line>	status: REFERENCE — 2026-07-23 — superseded-by: context/strategy/fusion-program/2026-07-24
context/strategy/asymptote-name-recommendation.md	context/strategy/asymptote-name-recommendation.md	<no status line>	status: REFERENCE — 2026-06-19 — superseded-by: context/strategy/brand-program/2026-09-02_
context/strategy/brand-program/2026-07-22_brand-architecture_decision-package.md	context/strategy/brand-program/2026-07-22_brand-architecture_decision-package.md	<no status line>	status: REFERENCE — 2026-07-22 — superseded-by: context/strategy/2026-08-27_company-and-br
context/strategy/brand-program/2026-07-22_identity-system_exploration.md	context/strategy/brand-program/2026-07-22_identity-system_exploration.md	<no status line>	status: REFERENCE — 2026-07-22 — superseded-by: none
context/strategy/brand-program/2026-07-22_launch-readiness_checklist.md	context/strategy/brand-program/2026-07-22_launch-readiness_checklist.md	<no status line>	status: REFERENCE — 2026-07-22 — superseded-by: none
context/strategy/brand-program/2026-07-22_voice-tone-messaging_platform.md	context/strategy/brand-program/2026-07-22_voice-tone-messaging_platform.md	<no status line>	status: REFERENCE — 2026-07-22 — superseded-by: none
context/strategy/brand-program/2026-07-23_domain-handle-claims-refresh.md	context/strategy/brand-program/2026-07-23_domain-handle-claims-refresh.md	<no status line>	status: REFERENCE — 2026-07-23 — superseded-by: none
context/strategy/brand-program/2026-08-13_naming-program-v2_decision-package.md	context/strategy/brand-program/2026-08-13_naming-program-v2_decision-package.md	<no status line>	status: REFERENCE — 2026-08-13 — superseded-by: context/strategy/brand-program/2026-09-02_
context/strategy/brand-program/2026-08-13_native-speaker-check_operator-packet.md	context/strategy/brand-program/2026-08-13_native-speaker-check_operator-packet.md	<no status line>	status: REFERENCE — 2026-08-13 — superseded-by: context/strategy/brand-program/native-spea
context/strategy/brand-program/2026-08-13_zendomo_candidate-field-screen.md	context/strategy/brand-program/2026-08-13_zendomo_candidate-field-screen.md	<no status line>	status: REFERENCE — 2026-08-13 — superseded-by: context/strategy/brand-program/2026-08-31_
context/strategy/brand-program/2026-08-19_G2-swap-runbook.md	context/strategy/brand-program/2026-08-19_G2-swap-runbook.md	<no status line>	status: REFERENCE — 2026-08-19 — superseded-by: none
context/strategy/brand-program/2026-08-20_G2-readiness_decision-brief.md	context/strategy/brand-program/2026-08-20_G2-readiness_decision-brief.md	<no status line>	status: REFERENCE — 2026-08-20 — superseded-by: context/strategy/brand-program/2026-08-29_
context/strategy/brand-program/2026-08-31_nick_pre-call_stance_FILE-lean.md	context/strategy/brand-program/2026-08-31_nick_pre-call_stance_FILE-lean.md	<no status line>	status: REFERENCE — 2026-08-31 — superseded-by: context/strategy/brand-program/2026-08-31_
context/strategy/brand-program/native-speaker-results/2026-08-19_results-bank_and_adjudication.md	context/strategy/brand-program/native-speaker-results/2026-08-19_results-bank_and_adjudication.md	<no status line>	status: REFERENCE — 2026-08-19 — superseded-by: none
context/strategy/counsel-package/2026-07-15_asimtote-company-mark-companion-brief.md	context/strategy/counsel-package/2026-07-15_asimtote-company-mark-companion-brief.md	<no status line>	status: REFERENCE — 2026-07-15 — superseded-by: none
context/strategy/counsel-package/2026-07-15_attorney-shortlist-and-intro-emails.md	context/strategy/counsel-package/2026-07-15_attorney-shortlist-and-intro-emails.md	<no status line>	status: REFERENCE — 2026-07-15 — superseded-by: context/strategy/counsel-package/2026-07-2
context/strategy/counsel-package/2026-07-15_consult-scorecard.md	context/strategy/counsel-package/2026-07-15_consult-scorecard.md	<no status line>	status: REFERENCE — 2026-07-15 — superseded-by: context/strategy/counsel-package/2026-07-2
context/strategy/counsel-package/2026-07-15_domain-handle-claims-inventory.md	context/strategy/counsel-package/2026-07-15_domain-handle-claims-inventory.md	<no status line>	status: REFERENCE — 2026-07-15 — superseded-by: context/strategy/brand-program/2026-07-23_
context/strategy/counsel-package/2026-07-15_entity-status-note.md	context/strategy/counsel-package/2026-07-15_entity-status-note.md	<no status line>	status: REFERENCE — 2026-07-15 — superseded-by: context/strategy/2026-08-27_entity-posture
context/strategy/counsel-package/2026-07-15_product-one-pager.md	context/strategy/counsel-package/2026-07-15_product-one-pager.md	<no status line>	status: REFERENCE — 2026-07-15 — superseded-by: none
context/strategy/counsel-package/2026-07-15_screening-receipts-appendix.md	context/strategy/counsel-package/2026-07-15_screening-receipts-appendix.md	<no status line>	status: REFERENCE — 2026-07-15 — superseded-by: none
context/strategy/counsel-package/2026-07-17_tsdr-0715-documents_exhibit-note.md	context/strategy/counsel-package/2026-07-17_tsdr-0715-documents_exhibit-note.md	<no status line>	status: REFERENCE — 2026-07-17 — superseded-by: context/strategy/counsel-package/2026-08-0
context/strategy/counsel-package/2026-07-21_engagement-tracker.md	context/strategy/counsel-package/2026-07-21_engagement-tracker.md	<no status line>	status: REFERENCE — 2026-07-21 — superseded-by: none
context/strategy/counsel-package/2026-07-22_tamodo-candidate-field-screen.md	context/strategy/counsel-package/2026-07-22_tamodo-candidate-field-screen.md	<no status line>	status: REFERENCE — 2026-07-22 — superseded-by: none
context/strategy/counsel-package/2026-08-13_pelton-search-report_intake-adjudication.md	context/strategy/counsel-package/2026-08-13_pelton-search-report_intake-adjudication.md	<no status line>	status: REFERENCE — 2026-08-13 — superseded-by: context/strategy/brand-program/2026-08-31_
context/pre-verifications/WU-DASH-SERVE.md	context/pre-verifications/WU-DASH-SERVE.md	status: ISSUE-READY 2026-07-27 (v39 hub, beat 1). Companion instruction: context/instructi	status: CONSUMED by DASH-SERVE · was: ISSUE-READY 2026-07-27 (v39 hub, beat 1). Companion 
context/pre-verifications/WU-SKIP-VIS.md	context/pre-verifications/WU-SKIP-VIS.md	status: CURRENT at authoring. Companion: context/instructions/2026-07-26_SKIP-VIS_explanat	status: CONSUMED by SKIP-VIS · was: CURRENT at authoring. Companion: context/instructions/
context/open-questions.md	context/archive/open-questions.md	status: CLOSED-CHANNEL (historical register; content preserved verbatim below the head not	status: SUPERSEDED 2026-09-07 — by: context/handoff/2026-09-06_v66_OPERATOR-BRIEF_for-Nick
START_HERE.md	START_HERE.md	status: CURRENT	status: CURRENT — §1 step 7: pointers re-verified; last-verified bumped
context/canonical-paths.md	context/canonical-paths.md	status: CURRENT	status: CURRENT — §1 steps 6+7: citations re-pointed; archive-convention section added; last-verified bumped
context/truth-map.md	context/truth-map.md	status: CURRENT — placement PROPOSED at context/truth-map.md by the R-11 lane (the brief's	status: CURRENT — placement PROPOSED at context/truth-map.md by the R-11 lane (the brief's — §1 steps 6+7: citations re-pointed; one row added; last-verified bumped
context/strategic-context-map.md	context/strategic-context-map.md	status: CURRENT	status: CURRENT — §1 step 6: one citation re-pointed (weeks/)
ClaudeFolder/Founder_Operating_Plan_v1.md	ClaudeFolder/Founder_Operating_Plan_v1.md	<no status line>	§1 step 8: two-line CURRENCY banner inserted at line 1
ClaudeFolder/Technical_Roadmap_v1.md	ClaudeFolder/Technical_Roadmap_v1.md	<no status line>	§1 step 8: two-line CURRENCY banner inserted at line 1
ClaudeFolder/_scratch/CLEANUP_2026-09-07.sh	ClaudeFolder/_scratch/CLEANUP_2026-09-07.sh	<no status line>	§1 step 8: NEW — 13 dirs + 297 files listed by name for Nick's hands
ClaudeFolder/_scratch/README.md	ClaudeFolder/_scratch/README.md	<no status line>	§1 step 8: NEW — four lines
